<?xml version="1.0" encoding="UTF-8"?>
<beans xmlns="http://www.springframework.org/schema/beans"
xmlns:xsi="http://www.w3.org/2001/XMLSchema-instance"
xmlns:context="http://www.springframework.org/schema/context"
xsi:schemaLocation="http://www.springframework.org/schema/beans
http://www.springframework.org/schema/beans/spring-beans.xsd
http://www.springframework.org/schema/context
http://www.springframework.org/schema/context/spring-context.xsd">



<context:annotation-config></context:annotation-config>



<!--<bean id = "emp" class = "com.zensar.springdemo.Employee" >-->
<!--<bean id = "emp" class = "com.zensar.springdemo.Employee" autowire="constructor">-->
<!--<bean id = "emp" class = "com.zensar.springdemo.Employee" autowire="byName">-->
<bean id = "emp" class = "com.zensar.springdemo.Employee" autowire="byType">
<property name = "employeeId" value = "2"></property>
<property name = "employeeName" value = "sony"></property>
<property name = "employeeAge" value = "23"></property>

</bean>



<bean id = "department" class ="com.zensar.springdemo.Department" >
<property name = "departmentName" value = "IT"></property>
<property name = "departmentId" value = "2"></property>



</bean>



<!--<bean id = "dept" class ="com.zensar.springdemo.Department" >
<property name = "departmentName" value = "ece"></property>
<property name = "departmentId" value = "24"></property>



</bean>-->




</beans>

